{
  "final_val_loss": 0.4431683123111725,
  "final_val_accuracy": 0.8610000014305115,
  "epochs_run": 3,
  "seed": 42,
  "lr": 2e-05,
  "batch_size": 32,
  "max_len": 128
}